individual,before/after,condition_1,condition_2,condition_3
1,1,10:41,14:50,15:08
1,2,10:45,15:05,15:47
2,1,10:54,16:05,15:58
2,2,10:58,16:20,16:32
3,1,13:04,09:09,14:41
3,2,13:09,09:33,15:19
4,1,13:14,08:49,15:36
4,2,13:20,09:14,16:10
5,1,14:04,08:47,14:38
5,2,14:09,08:53,15:59
6,1,14:14,09:21,15:06
6,2,14:20,09:58,15:48
7,1,14:24,15:15,14:21
7,2,14:29,15:16,15:06
8,1,14:41,14:48,09:48
8,2,14:45,15:08,10:29
9,1,14:50,14:46,13:48
9,2,14:54,15:03,14:24
10,1,14:58,08:07,14:19
10,2,15:08,08:34,15:05
11,1,15:10,09:58,14:24
11,2,15:16,10:16,15:14
